Klant_ID,Naam,Email,Locatie
1,Krystal Moore,nsmith@example.net,"Lake Daisyhaven, Missouri"
2,Michelle Odonnell,tonyagould@example.net,"West Daniel, Missouri"
3,James Mann,fmullins@example.net,"West Elizabethview, Florida"
4,Tiffany Stephens,tanya21@example.net,"Walkerside, Indiana"
5,Brandon King,hernandezedward@example.org,"Jennyton, Massachusetts"
6,Michael Gutierrez DDS,daviscarla@example.com,"East Stevenbury, West Virginia"
7,William Johnson,johnsondaniel@example.net,"Lake Andreaton, Illinois"
8,Daniel Kim,lisa99@example.org,"East Amber, New Mexico"
9,Kevin Morales,baileyriley@example.com,"East Cindy, Colorado"
10,Cheyenne Obrien,olivia75@example.org,"Lake Moniqueland, New Jersey"
11,Brittany Hughes DDS,mooredarrell@example.net,"Martinburgh, Minnesota"
12,Emily Sutton,williamsallen@example.com,"Garciaside, Nebraska"
13,Dylan Walker,frobinson@example.org,"Port Brandon, Wisconsin"
14,Derek Johnson,maycaleb@example.com,"New Peter, Alaska"
15,Michaela Austin,gdavis@example.org,"Baileychester, Vermont"
16,Tiffany Gallegos MD,alexander04@example.com,"West Donnatown, Nevada"
17,Holly Hines,noblelisa@example.org,"Port Adam, Nebraska"
18,John Shannon,dennisnewman@example.com,"Port Albertville, Texas"
19,Scott Stewart,maria81@example.net,"South Joshuachester, Georgia"
20,Juan Jones,sanderskaren@example.net,"Davisport, Massachusetts"
21,Michael Williams,webbdaniel@example.org,"Port Andrew, Iowa"
22,Andrea Adams,smithana@example.org,"New Katietown, Alabama"
23,Jesse Carlson,vhill@example.net,"Port Timothyberg, Maryland"
24,Sydney Thompson,dianewright@example.net,"Lake Tamara, Kansas"
25,Michael Frazier,spearson@example.com,"West Kathleen, Virginia"
26,Mr. Paul Johnson DDS,lyonseric@example.org,"Michaelborough, Nevada"
27,Kiara Burgess,hmoss@example.net,"East Patricia, Rhode Island"
28,Ashley Wong,deannagraham@example.org,"Ramseystad, Idaho"
29,Michael Jones,grahamdavid@example.org,"Jacksonfort, New York"
30,Tammy Payne,qpayne@example.com,"Port Williamview, Indiana"
31,James Church,lauren68@example.org,"West Robertville, Idaho"
32,Eddie Taylor,kimdavid@example.org,"North Christineborough, Virginia"
33,Michele Gonzalez,hcraig@example.net,"New Brianstad, Oregon"
34,Jeffery Larsen,morrisaaron@example.com,"North Amberfort, Hawaii"
35,Jason Harris,julieelliott@example.org,"South Ashley, South Dakota"
36,Maria Williams,martinezashley@example.com,"Livingstonberg, Oklahoma"
37,Beverly Murphy DVM,joshuaporter@example.org,"Johnview, Maryland"
38,Pamela Johnson,ytran@example.net,"Berryside, New Jersey"
39,Christopher Bates,ofowler@example.org,"Kathrynhaven, Delaware"
40,Thomas Kelley,nparks@example.org,"Justinberg, Louisiana"
41,Jose Davis,wagnerjeffrey@example.net,"South Taraberg, Illinois"
42,Donna Pugh,iduran@example.net,"Lopezfort, Colorado"
43,Andrea Townsend,mgreene@example.net,"Port Timothy, New Jersey"
44,Collin Richardson,jeremiah97@example.org,"Tammyhaven, Arizona"
45,Jessica Rosario,jonathanarroyo@example.net,"Dustinstad, Missouri"
46,Christopher Davis,hayleyperez@example.com,"West Joseph, Michigan"
47,Kristine Miller,nhernandez@example.com,"West Johnnymouth, Illinois"
48,Carlos Mcguire,christinagreen@example.net,"Annetteshire, Missouri"
49,Claudia Smith,sandra33@example.com,"Lindseybury, Wisconsin"
50,Monique Meadows,bartontara@example.net,"Penaland, Vermont"
